channel_id,channel_name,start_date,videos,views,subscribers
UC2t9imwIR7xlDfma3CmRKJQ,T Sports,2020-10-02T06:43:03.408024Z,14819.0,785671940.0,4330000.0
UCCLdGxMC4fwkaQ4AIcL7Z8w,A Sports,2016-12-22T11:40:02Z,2615.0,309695531.0,998000.0
UCNAf1k0yIjyGu3k9BwAg3lg,Sky Sports Premier League,2015-07-06T11:11:54Z,10715.0,3898162997.0,4830000.0
UCmEgRY1A2263UXrQhjDuU0Q,Sports Digitale,2019-09-17T08:14:58Z,2721.0,122005864.0,446000.0
UCJUCcJUeh0Cz2xyKwkw5Q1w,beIN SPORTS,2014-02-21T08:25:40Z,5265.0,1373454279.0,11200000.0
UC4i_9WvfPRTuRWEaWyfKuFw,TNT Sports,2013-01-02T14:09:35Z,13478.0,3481324860.0,5280000.0
UCpdSUUHlxMjO0c5824FGcsA,S Sport,2018-02-21T09:49:16Z,16959.0,463985687.0,1310000.0
UC9xeuekJd88ku9LDcmGdUOA,Kplus Sports,2019-08-15T04:49:59Z,11209.0,2460868921.0,2860000.0
UCrcATWZGF_p53r38i6VK0eA,Sri Lankan Sports TV,2019-10-24T04:09:51.789207Z,217.0,469916.0,8260.0
UCEgdi0XIXXZ-qJOFPf4JSKw,Sports,2013-12-15T20:39:04Z,0.0,0.0,74900000.0
UCcw05gGzjLIs5dnxGkQHMvw,Sky Sports News,2017-08-03T09:36:40Z,8182.0,642459655.0,1150000.0
UCpju9XlLS_bkhDK_70wpf0A,Sky Sports Retro,2019-08-02T15:20:50Z,1783.0,334982630.0,487000.0
UC0jPwNs4B7yJySNewHan5hQ,Optus Sport,2016-10-14T02:22:32Z,6670.0,233650997.0,629000.0
UC_JQGBtA7P0RwkRxd7xpJcA,Sky Sports Boxing,2018-01-25T15:24:32Z,3533.0,704316160.0,1240000.0
UCW6-BQWFA70Dyyc7ZpZ9Xlg,BBC Sport,2016-05-13T21:01:12Z,2134.0,185773811.0,704000.0
UCi9ACGG8NptsQhaMyezITEw,Yahoo! Sports,2014-08-08T20:00:31Z,5294.0,203054443.0,259000.0
UCqfCJBfrFSO4tZM1LNZTBFQ,Claro Sports,2013-12-05T21:50:21Z,14816.0,333707202.0,3360000.0
UCja8sZ2T4ylIqjggA1Zuukg,CBS Sports,2007-07-19T10:28:44Z,24305.0,783106618.0,793000.0
UCTj2CVogkBMbPejYWPh9GmA,Viaplay Sports UK,2011-08-24T11:55:39Z,2355.0,74531293.0,107000.0
UCs-6sCz2LJm1PrWQN4ErsPw,TNT Sports Brasil,2009-10-30T00:30:39Z,6991.0,2661398591.0,10700000.0
UC72ZaBKI-Bo5fjmWEYonhJw,TyC Sports,2013-04-18T14:39:48Z,10523.0,1105611861.0,2340000.0
UCcUNb8BqXELdOXwerFVsw9w,Sports Team,2016-06-09T11:18:11Z,11.0,4798771.0,12700.0
UCRm-DLbhzojKd10edotYxMg,France tv sport,2014-02-03T10:17:27Z,2331.0,277195385.0,713000.0
UCueOZEvMffxjJyVO1fGiJNQ,Ziggo Sport,2014-05-28T12:50:42Z,8793.0,754354811.0,651000.0
UCWSsHdxrwVLlOSdPJ44y9sw,DSports,2011-08-23T17:04:26Z,7114.0,432364064.0,721000.0
UCAvNr5DMVncoJnJAotXOjOQ,Sky Sport,2021-06-08T12:19:59.952129Z,17828.0,516674033.0,613000.0
UCtybqqaTj6Nx74Azdz1KrsA,tvN SPORTS,2021-05-25T03:05:06.822097Z,5145.0,552609354.0,616000.0
UCTv-XvfzLX3i4IGWAm4sbmA,LALIGA EA SPORTS,2006-07-13T23:41:14Z,45199.0,3020014777.0,9970000.0
UC-hWvVvE-crFl5vg5G8QbqA,TNT Sports Boxing,2018-10-16T13:59:25Z,2410.0,573791669.0,936000.0
UCWWgpzVOfXWw6GpCCgK6mKA,Syracuse Orange sports on syracuse.com,2016-11-30T15:16:36Z,1308.0,3698744.0,4570.0
UCv5306tE1yjLn1D31PL7kFA,Just Women's Sports,2019-05-05T20:50:18Z,780.0,60912900.0,94400.0
UCPpddbTbOr_uWWQT9Pw1rbA,EA SPORTS MADDEN NFL,2006-03-06T20:30:17Z,2645.0,251057780.0,756000.0
UCLydKeNR8rf-yoUu9J2acMg,EA SPORTS NHL,2015-07-10T21:26:18Z,72.0,8880427.0,54800.0
UCI5RY8G0ar-hLIaUJvx58Lw,TNT Sports Argentina,2017-05-11T12:20:08Z,31607.0,548957608.0,1250000.0
UCPe9vNjHF1kEExT5kHwc7aw,beIN SPORTS T√ºrkiye,2013-11-23T13:11:05Z,9160.0,1061247351.0,1750000.0
UC5wLgaM_2UNaCKUPGOTUjaw,365 Sports,2016-08-11T22:18:40Z,6655.0,24283957.0,38600.0
UCTAbErxvDbPvBmFgW2lF1Cg,SPORTS UZ,2017-01-08T11:42:10Z,1937.0,51250730.0,336000.0
UCFPoJNd0d4k1H9A6UOlikcg,SHOWTIME Sports,2007-09-06T20:50:15Z,3854.0,828491151.0,1840000.0
UChCovZlgNh2x6Z57MJ5fhFw,TNT Sports Chile,2014-09-17T18:15:09Z,9315.0,226283106.0,631000.0
UCOGxnF5dWQtoEz6E-msabZA,CBC Sports,2013-11-16T22:48:47Z,8583.0,167598493.0,184000.0
UC-fzWbU1zavz77kP1gPPdSg,Sports Central,2017-09-05T18:57:39Z,28347.0,2815015958.0,4720000.0
UCXIQcJ1TcFeMlF32vAOORLQ,Virgin Media Sport,2019-08-01T14:08:55Z,3356.0,93847583.0,156000.0
UCKbNOpmhmwBuJXXMYOg_txA,GQ Sports,2019-05-14T15:09:08Z,648.0,602688544.0,1300000.0
UCa98aY7eenHS_YhehF-vuEQ,Sky Sports Golf,2020-11-07T16:49:58.849975Z,921.0,29314948.0,62200.0
UCH_7bF90ySEVfWLXtn9HlWA,RT√â Sport,2013-08-21T15:58:06Z,1931.0,28939093.0,38200.0
UCfj4kQ6_mYO5r4hzX5KloVw,beIN SPORTS France,2012-05-15T09:20:04Z,14494.0,1671439264.0,2160000.0
UCxs_XQWreBMwQXZkfWaNhYQ,GOLIM SPORTS,2014-08-27T17:47:54Z,1220.0,13319963.0,107000.0
UClU5H7Pt_X5bIQd_LBUFFsA,GPB Sports,2013-09-13T16:14:06Z,1691.0,4013582.0,11200.0
UCu1FJLH2dp7dwKoCCGFkaMg,SPORT BILD,2014-04-10T11:25:22Z,8967.0,270135962.0,814000.0
UCET00YnetHT7tOpu12v8jxg,CBS Sports Golazo,2020-06-26T17:51:20.684238Z,6384.0,1545164679.0,1570000.0
UCZbNi5DqBvaOZygMl8HfjDQ,Sports Today,2020-09-19T12:03:47.043053Z,13336.0,129998649.0,263000.0
UC4SERffAlpCocARSI_BH3CA,UW Athletics,2013-03-15T19:38:46Z,3609.0,5010836.0,12500.0
UCdsoOlQl8E8p4sajQtY2UIw,NBC Sports Boston,2013-11-08T16:37:13Z,4630.0,38068947.0,57600.0
UCWw6scNyopJ0yjMu1SyOEyw,talkSPORT,2009-05-01T11:38:01Z,18050.0,1062222686.0,1450000.0
UC8C8WuWSsFjWFaTHcUQeQxA,VICE Sports,2005-12-27T23:53:33Z,553.0,276632815.0,1090000.0
UCmqfX0S3x0I3uwLkPdpX03w,Star Sports,2006-12-11T15:14:17Z,18330.0,2701624691.0,7210000.0
UCMGMiLSz3jiQiw-hRpRsSbA,Sports Dissected by COISKI,2016-05-12T22:45:26Z,406.0,76611108.0,345000.0
UC9pkqFpbiwpZ6vXwaaUV_FQ,Chat Sports,2014-12-16T21:02:46Z,8772.0,113424546.0,364000.0
UCBzDz6beXDfMtfxQdEutD_w,ITV Sport,2016-06-02T12:15:40Z,1069.0,155741890.0,293000.0
UC8sYt4QHV6ZgOyL57ATacwQ,WoodwardSports,2020-08-06T15:00:38.762193Z,7571.0,33560724.0,62500.0
UCZqQ3O9jIPw3b7WYw_vyn4g,Chatterbox Sports | Cincinnati Sports Talk & more,2019-07-14T14:27:04Z,1437.0,1898880.0,11700.0
UCPGJ6U6tzIKHubr5zFWFZLw,BYU Sports Nation,2009-03-05T16:37:44Z,10894.0,18285762.0,24100.0
UC3eNlJKuJzJfNQzLphGZW7w,Stanford Athletics,2007-12-19T16:37:50Z,2420.0,8876448.0,43700.0
UCGW17XIEU0AM-F8mwzhBYdw,vIQtory Sports,2016-12-05T14:53:27Z,127.0,3287649.0,24200.0
UCZjpA3YBPXvJv3pg4SPEjfw,Win Sports,2012-11-06T16:52:52Z,22781.0,573717519.0,1360000.0
UCZ7wY7MRDSygp63HIEfdQZA,Sky Sports Football,2022-08-01T09:58:32.940934Z,1948.0,391177035.0,409000.0
UCNxbq2vWbmXQeyZPGYTnT6Q,Channel 4 Sport,2012-03-07T17:28:06Z,1513.0,67748322.0,128000.0
UCPZOI6QrL73FQXoZEqgvOFA,TNT Sports M√©xico,2021-04-22T21:33:26.226453Z,4352.0,266044067.0,523000.0
UCHAnaPgALxTRs9RF8lxZI0w,Sports Spectrum,2010-07-14T15:34:06Z,1499.0,2194603.0,13200.0
UCyUaqZO8qOOdelVDPjJECLA,Hurrdat Sports,2022-05-25T16:22:32.235017Z,2243.0,3857105.0,7660.0
UCjWgUFeyDbeQ3Q_eVCup_7Q,National Academy of Sports Medicine (NASM),2008-01-24T00:08:52Z,1809.0,19705071.0,79400.0
UCTIwFB4ciFi5ZCIu-VlwaOg,Little Sports,2019-10-03T14:47:23Z,1020.0,174427522.0,955000.0
UCtz2up17s45WU2uVrI0VHlw,Locked On Sports Minnesota,2022-03-16T13:28:29.819596Z,1878.0,2070382.0,6930.0
UCxc3marqP9BJSkQ0_K4mqDg,SBT Sports,2014-02-14T14:36:48Z,3166.0,237781692.0,1070000.0
UC9dPWTGc09DgEPInEKE_WKg,Sports Explained,2021-09-21T00:31:23.916642Z,17.0,3190296.0,24100.0
UCJka5SDh36_N4pjJd69efkg,Savage Brick Sports,2017-01-21T18:01:03Z,675.0,656967664.0,552000.0
UCkd4takjjF1EGD1TKIK2QiA,Sky Sports Cricket,2020-02-27T12:35:44.811863Z,2042.0,215242803.0,549000.0
UCiPywDqO1dB34oxfEjjbQnw,Fubo Sports,2019-07-01T20:28:00Z,1647.0,91901500.0,229000.0
UCf8YPuOWXlpTS7RibaJlP4g,CBS Sports Golazo - Europe,2021-07-30T16:24:18.908629Z,911.0,41004162.0,92300.0
UCNU0Vv6U1xZS82cIQrgDeqw,Rabbitholebd Sports,2015-11-03T14:23:50Z,3090.0,1486347417.0,9200000.0
UCalwFtq-BVcszKLZ5k2vbLw,TVP Sport ,2011-03-21T13:03:37Z,6281.0,542711921.0,629000.0
UCr6Bv4M4Jsec9Xrc9lBOT7A,Sports,2015-06-10T19:55:53Z,62.0,13875782.0,45500.0
UCY_wPnc5xrvPekvHpLAvZvQ,Sports Gaming Universe,2011-04-26T06:33:48Z,18639.0,148163210.0,262000.0
UC8BwRPVvR0GPBa6h-F1H4XA,JioCinema Sports,2022-08-18T13:36:08.899123Z,3762.0,380659694.0,651000.0
UCYtNSrfGdXooZYu_hkq18_w,beIN SPORTS Asia,2017-01-03T04:14:16Z,30301.0,479576031.0,986000.0
UCEX1TT5u8pUdfOau_wDgaKg,Religion of Sports,2017-05-01T01:37:40Z,123.0,6144823.0,13600.0
UCJVU1UGN-YtwnAartLDdpIw,Nonstop,2020-01-08T07:33:23.448506Z,530.0,464864555.0,884000.0
UCdpbDsDj7ZVbkFqV2i7i84g,Midco Sports,2010-06-09T18:37:01Z,6317.0,6773764.0,10800.0
UCfzG_f8wyZbXdwxTCtikiIw,Marmita-sports,2019-01-04T07:54:35Z,3385.0,87249754.0,100000.0
UCs30f29MkDPs7rnY12r2GSA,Genius Sports,2020-04-28T11:40:01.886614Z,77.0,74156.0,964.0
UCcavZ-6Dj9XFqbgcPG72BZg,Rakuten Sports,2018-01-10T05:08:16Z,371.0,35265565.0,47800.0
UC7ABMCCA3gzt6VgnnQg9Kig,River Falls SPORTS,2014-06-26T20:12:46Z,1052.0,1137652.0,5160.0
UChr7ZXDFiPOEl543HM4Aj8g,MAGENTA SPORT,2017-11-14T15:10:27Z,10114.0,182902894.0,243000.0
UCJW9EhwdL5WU-2slOTvaBNg,Seahawks Today by Chat Sports,2020-05-29T12:19:28.880811Z,1515.0,14253949.0,50500.0
UCQt2RdjoCYq3hvDmWX94VNQ,J SPORTS,2011-03-09T05:36:27Z,1654.0,26526162.0,284000.0
UC4BgbEpgz53eYYOoQ4cJFsw,Bomber Sports,2013-08-16T19:21:40Z,1080.0,878039.0,4740.0
UCLo2AKP2axbd8Ij8dJCY2WQ,JD Sports,2010-04-13T14:17:47Z,470.0,150330551.0,294000.0
UCmhmKcSIi9DmpGV4qSt0Rlw,Digital 2 Sports,2021-06-03T17:39:04.737384Z,2200.0,270791931.0,911000.0
UCmzr4VZ0HQ7Pi_SK4bPtRUw,Play Sports,2011-07-01T16:33:12Z,949.0,16130582.0,74300.0
UCNyKhK1GI6CUbJ-BDtJ44DA,Sports United,2017-05-25T20:16:10Z,4919.0,362602208.0,1360000.0
UCaoTOpfjVfdm_XlYvwbVicQ,FOX SPORTS AUSTRALIA,2012-08-14T07:18:08Z,3587.0,89251920.0,156000.0
UCxlgPWNLi8UInV0HHhfSQCg,Kentucky Sports Radio,2018-09-06T03:44:42Z,3926.0,13180389.0,28700.0
UC1HgRSC0w_DnIZW6rN19low,Five Reasons Sports Network,2018-03-28T01:17:15Z,8490.0,12208277.0,25900.0
UCU9qXmIDsn7qY4dlksXlPxw,Ball State Sports Link,2009-08-27T21:45:54Z,1957.0,1495028.0,1610.0
UC0YatYmg5JRYzXJPxIdRd8g,beIN SPORTS USA,2012-07-16T20:11:38Z,10038.0,291943570.0,801000.0
UCs-gmT5tSkb5-c_BXmCJ2Pw,A to Z Sports Dallas,2020-01-09T20:48:08.499159Z,1804.0,5919503.0,25200.0
UCPckg9pijh0KjJm4X0Xhviw,News24 Sports,2019-04-01T10:10:50Z,24752.0,2039718299.0,3290000.0
UC7wPqUbu5QtLKNqKnk9Ja2w,Locked On Sports Atlanta,2022-03-16T13:25:38.134411Z,2775.0,2527452.0,10800.0
UCQ8cM7o5Gu9l9G3fDP5Xpsg,Matchroom Multi Sport,2014-09-30T11:01:57Z,879.0,79182794.0,193000.0
UCFwF2ggZy7J-HE0Bc-LCKhQ,Montana Sports,2016-02-12T22:23:49Z,15692.0,5473049.0,5890.0
UCI6xsaYFLb2d9T9z4m6fCDw,Dibrou Sports Brasil,2020-01-14T03:09:09.863388Z,7040.0,163658227.0,579000.0
UCixBcYsH2sk8YFUJ3S-6_Bg,440 Sports,2020-06-24T14:46:55.904464Z,801.0,230075.0,1780.0
UCuOwl-VgqBHOzR8hWnonBcA,Sky Sport DE,2009-02-19T13:59:14Z,7288.0,736543778.0,1610000.0
UC3kxJQ9RfaS5CKeYbbFMi4Q,Sky Sports F1,2018-07-17T16:38:09Z,3260.0,319583598.0,732000.0
UCuGyKVhuCa_iattvhM4DlQQ,Sports Injury Physio,2014-06-28T09:00:45Z,261.0,14016432.0,150000.0
UCX2eNtU1ZG3x4OpdP2UIlJA,Prasar Bharati Sports,2014-11-18T09:38:39Z,6041.0,119898053.0,945000.0
UCIBNkFKpmUx0R4gDv6wqi-g,Sky Sports Darts,2021-11-17T14:04:58.676733Z,806.0,79304514.0,82900.0
UCiF5HFwipoXlNahMHMEII_g,The Sports Fury,2016-10-07T14:15:33Z,2174.0,77334885.0,245000.0
UC9LrQByjJFCGqUgvylTiVLQ,Jackson Krueger Sports,2017-04-12T07:02:14Z,4989.0,57178297.0,142000.0
UCLbe62TJjEM1a7gnvTIsxkw,The Action Network: Sports Betting Picks & Tips,2018-01-24T20:40:33Z,10801.0,12260723.0,52600.0
UCKhrVpHn0ghqn4WUANk5RvQ,Dolphins Today by Chat Sports,2020-05-30T12:33:11.62361Z,1389.0,14030398.0,55600.0
UC22Sr8bNYjAKqxLr-snMGnA,SG Sports TV,2010-04-30T06:43:20Z,4900.0,291903899.0,565000.0
UC3GSRnuKIZc1IFJSJiEYhdw,A to Z Sports Nashville,2016-01-25T17:09:30Z,5349.0,10255893.0,16900.0
UCef_O_ttXxlLP7dlk0-snlQ,World Sports,2016-05-06T16:07:35Z,4437.0,151756163.0,561000.0
UCoyaxd5LQSuP4ChkxK0pnZQ,EA SPORTS FC,2009-07-26T17:48:32Z,821.0,899232758.0,5100000.0
UCZDi95PJ6VmWtQAScA9Rh-w,DR Sports,2016-04-08T11:07:22Z,3397.0,175554388.0,351000.0
UCvx58rrfVhm3s_uktJOP0-g,SPORTS GAME MAXIMO,2017-09-02T11:58:56Z,4135.0,6048376.0,26000.0
UCm3-NocWw8YDQ6lfOb78ehA,UCLA Athletics,2013-08-19T20:47:11Z,6519.0,322112417.0,398000.0
UCRlq9UVLDa3jNRX14-XdT3A,Baseball Sports,2016-11-16T05:27:12Z,104.0,219881878.0,287000.0
UC5lMsDXNh9jbafkCOnoGfZA,The Athletic FC Podcast,2019-05-20T11:29:28Z,687.0,22681360.0,212000.0
UCk9zL0UlZ28uS7tlcguSLQg,Sports Card Investor,2019-05-15T01:20:01Z,1014.0,77256110.0,306000.0
UC59rc_knTtHbf5315NrYbVw,Forever Sports,2020-05-14T14:25:49.015256Z,3670.0,23626664.0,66300.0
UCOKEYIW6jRMpa8ex1xKJXEw,Baddog Sports,2014-10-09T14:12:08Z,2282.0,44829741.0,133000.0
UCm7aNg87CtuXIcqaVnajQcA,Chiefs Report by Chat Sports,2019-10-23T21:56:54.727366Z,1529.0,13956058.0,53200.0
UC86X0tzvfk12eAG9JYMp99w,EA SPORTS UFC,2017-04-18T22:18:35Z,59.0,10507439.0,79100.0
UCZFhj_r-MjoPCFVUo3E1ZRg,Whistle,2006-09-12T01:34:37Z,2849.0,1251351151.0,3100000.0
UCLo2xigvxv9ksxp78AyCBTw,ÿßŸÑŸÇŸÜŸàÿßÿ™ ÿßŸÑÿ±Ÿäÿßÿ∂Ÿäÿ© ÿßŸÑÿ≥ÿπŸàÿØŸäÿ© Official Saudi Sports TV,2011-04-01T18:49:29Z,22971.0,605812282.0,1750000.0
UCShQUnLofj5O3NokkdqnaGw,Audacy Sports,2019-08-01T12:03:43Z,3614.0,634778.0,5540.0
UC6IECRla3M96wzXqAv5azTg,G's Sports Central,2021-10-23T15:14:48.392451Z,209.0,10717632.0,32900.0
UCEXtuOW2PXheCM4RDKOEvUQ,LI Sports Network,2013-08-01T06:17:14Z,2241.0,1274260.0,6890.0
UCeksvr96LM7TMMdK3-vp9rQ,JAKIB Sports,2018-09-18T16:54:32Z,11473.0,31099531.0,46800.0
UCmd_TG_wO5FVWXsJvnWweMg,Zaleski Sports,2017-01-05T22:49:09Z,3172.0,2686094.0,11400.0
UC4jYX98dEhWxCl9x-21PL7w,Sports Club,2019-05-21T06:58:58Z,227.0,6380288.0,57500.0
UC9KX642L4_biZQ5rjlGoPow,Lions Talk by Chat Sports,2019-03-19T10:33:08Z,1587.0,12019452.0,65900.0
UCDjE0DwyYik5PHhxDvNYEdg,Remember Sports,2019-10-31T23:08:41.363783Z,9.0,833903.0,2360.0
UCcAKLXuMBv31m_dyMp6CQxA,Hoggard Sports,2020-10-21T15:45:27.480695Z,190.0,91011.0,3080.0
UCisgkf7-vE5k5sVhfSiUEow,NEXT SPORTS,2013-04-18T08:53:14Z,12044.0,988342639.0,2260000.0
UC3vWnIasv0wssZz2BHc3UYQ,Vietnam Sports News,2022-06-18T06:53:40.075819Z,315.0,18622813.0,48000.0
UC_r23ILOYKMgrwF5--zO3oQ,GP Sports Cards,2020-07-26T18:36:50.00466Z,408.0,2390116.0,15900.0
UCvsPgR_Dfe8tXWzSVteasqw,BTB SPORTS OFICIAL,2023-04-28T21:45:50.95192Z,1118.0,16452039.0,118000.0
UC4iJRId3Dcp18uTIRpYSAzQ,EA SPORTS FC ONLINE THAILAND,2013-06-05T04:33:28Z,1306.0,49141518.0,256000.0
UCifWD4FBa4eaKK7HLF0PlTA,Barstool Sports,2013-05-17T16:10:02Z,7789.0,1023206846.0,1730000.0
UCFA6YGp5lvgayO20lk7_Ung,EA SPORTS FC Pro,2017-03-23T02:40:31Z,717.0,52877768.0,574000.0
UCrbgxEwz6pkYukOPZSIlD2g,AYS Sports,2017-11-21T00:59:29Z,1402.0,1755744.0,7180.0
UC_WKb6N9iTGc77hxwXLDrbA,Sony Sports Network,2012-03-31T09:16:35Z,4326.0,494451513.0,4680000.0
UCzXkqrWMWa29miU2QqN6Odg,Helen Yee Sports,2014-12-05T03:39:15Z,1406.0,57237144.0,172000.0
UCdw-iIAVcWHdhVwWea3OjVQ,Sports Direct,2022-06-22T08:46:18.672116Z,108.0,11172776.0,21200.0
UC1k-fvQOa6jgBsA6A3FGaZg,ÂãïÊªãSports,2021-08-26T07:07:24.864382Z,1005.0,1937572.0,9260.0
UCNvMRTGKc_FG4RpfjRfh40Q,Ultimate Cleveland Sports Show,2022-03-29T14:19:56.651874Z,4462.0,18638213.0,38100.0
UCTU_wC79Dgi9rh4e9-baTqA,Sky Sports,2015-09-15T12:42:36Z,2327.0,69966596.0,455000.0
UCnDY7XxQmmKMJYUU6m2KYew,49ers Report by Chat Sports,2019-07-08T01:31:04Z,2256.0,36300055.0,131000.0
UCgbtED-BzFX9LAktgMSaP8g,Table Rock Sports,2015-04-17T03:44:07Z,1932.0,664472.0,3290.0
UC5-aueB1RqpUc-EeAjtx9Lw,Flow Sport Club,2021-08-30T16:27:00.774668Z,961.0,79167648.0,919000.0
UCwN-ktbFVsbcbhvAthIwABQ,Game On Sports,2016-10-04T21:12:42Z,1224.0,618128.0,3720.0
UCS942XKQj8fdEBFmRefDCZg,KMA Sports,2020-11-13T20:00:25.858477Z,3073.0,275004.0,1630.0
UC0aiMoEKnP7vqEUyCH5OwcA,X Sports Network,2022-07-11T22:55:12.731129Z,1782.0,527360.0,2680.0
UCDfnam79n2tXXumz9i7jnIA,SCOTT Sports,2008-08-11T11:57:11Z,1011.0,43031223.0,171000.0
UC7uW12e8iBbt6mE_uaKVc6g,Supreme Sports,2023-02-20T19:12:02.586795Z,57.0,905803.0,10000.0
UC2MGuhIaOP6YLpUx106kTQw,International Federation of Sport Climbing,2009-12-25T11:37:53Z,1472.0,79915219.0,308000.0
UCcQkLDEfUn50ZO_wfkTyJZg,TOTAL SPORTS,2017-01-17T06:30:54Z,1885.0,16154505.0,69300.0
UCHxYDy5uZ3tCaM3fn2Y3U-g,Iqbal Sports,2022-10-15T12:13:48.267438Z,870.0,120400388.0,423000.0
UCDyAwFEdn0SJFKcVjmAfptA,Clutch Sports Media,2020-01-28T02:04:08.413929Z,295.0,805023.0,6540.0
UCZTkDIurWDElInXA0Q8VCrw,Vmax Sports,2021-06-25T10:17:32.040023Z,4034.0,51680391.0,90400.0
UCUDf7h4hV1g6Qrvjt4NdrNw,Oaktree Sports,2017-01-14T12:10:04Z,432.0,495599141.0,2060000.0
UCEqYcU4IEXvfWt0vtGA_Cww,Winnipeg Sports Talk,2021-02-17T19:21:02.392402Z,1103.0,3019519.0,11100.0
UCV5HXUHFR-yuSb7qDJ5_80g,Wide World of Sports,2017-11-17T02:13:44Z,5869.0,143743199.0,164000.0
UCHVTQQj5AKPIl8yNsahGNhA,Best Cable Sports Canal 6 - Oficial,2021-08-15T15:03:27.089212Z,2121.0,3711387.0,14800.0
UCgZft_ODSHTxW5YEPiI4xqQ,Sports & Entertainment,2016-02-13T16:46:52Z,2241.0,163133692.0,486000.0
UC-W2TmgeL6tEzvtvUU7cptg,CHGO Sports ,2015-06-17T21:51:51Z,5330.0,17503451.0,50300.0
UCVtKwsr4jcU8QZ2ucjZhGaA,Sports AAB,2022-03-27T12:45:28.642471Z,797.0,11748183.0,73300.0
UCaOvfE-4N9pm_36a2NYB8yw,Sky Sport Next,2019-10-31T22:42:16.400086Z,1971.0,8380168.0,41200.0
UCrGfdyiKjLQXk1vB5xkNv1Q,NBC Sports Bay Area & California,2013-12-06T18:18:18Z,6223.0,57577738.0,105000.0
UCeADv4IDX1SbUdZHpB35ooA,Browns Report by Chat Sports,2020-05-29T18:18:56.815626Z,1186.0,9179576.0,33500.0
UC0nyJ7BdKpnHQG1Xog3guXw,7070Sports.,2017-01-07T04:44:19Z,6037.0,195408577.0,657000.0
UCGcUIG8XrOF0XavvDVKI6tw,Giants Now by Chat Sports,2020-05-31T20:13:49.439539Z,1145.0,10150643.0,43200.0
UCVVufJg-CFctKL1-xpOt16w,BFBS Sports Show,2017-10-17T10:40:16Z,834.0,1220250.0,4970.0
UCvRkl4sHIgChIFxeTlbwAGQ,SL SPORTS,2011-10-07T03:28:04Z,2175.0,29615302.0,135000.0
UCl4w1C8seVdfhmvEGyJFrrQ,Roo Sports,2023-06-26T08:02:57.830582Z,44.0,63462.0,3230.0
UCNa_Zs9B97RwSH79EAthNpw,UAM Sports,2022-02-16T15:28:44.251303Z,261.0,272015.0,2220.0
UCNh-AvuiW0Z0t29vBfKe9tQ,Outdoor sports in srilanka,2015-01-02T11:06:39Z,60.0,1091947.0,14000.0
UC7jWDIp5wCn8UGpEkcUGq2w,Sport Thailand,2022-06-02T17:25:27.38675Z,92.0,16302724.0,87900.0
UCwNqHDsnBCKT-olwJwIFyfg,FOX Sports,2006-06-05T15:03:01Z,5049.0,587520296.0,1110000.0
UC8aOXvlqQqMlTFvbbAarD-A,DNVR Sports,2015-07-31T01:16:48Z,10077.0,39357109.0,71800.0
UCsO5qcpqeJ-kNms404eKXPw,PPTV SPORTS,2023-07-31T06:41:17.832737Z,1520.0,11096031.0,84800.0
UCauRUy2_6-l2-zxbGXiaKfQ,SPORTS ADS,2022-12-17T07:26:40.77511Z,390.0,776181.0,3320.0
UCFw1qLNT4tw321EyssMXC8w,Echoboom Sports,2013-05-29T19:14:20Z,1120.0,47705348.0,207000.0
UCRz7SRXbiTbNvN2Us0JvbdA,Virginia Sports TV,2014-08-28T22:30:38Z,8799.0,14962295.0,17000.0
UCVBRVivYTsAzvCWgniGc-sQ,Sports With Harshana,2023-12-28T03:42:03.084605Z,17.0,9223.0,391.0
UCZCbII4-VtdNwTRMxo611Bg,OneNimit Sports Tamil ,2023-04-23T15:50:22.190649Z,478.0,2760646.0,14700.0
UCXenWaHGZz4Ey4BObUUIyZQ,NBC Sports Philadelphia,2016-07-20T16:38:55Z,5797.0,82109414.0,108000.0
UCKTDCaYUdR2Wpv9_3a2DlMw,CBS Sports Radio,2015-07-13T15:54:28Z,6542.0,4512060.0,12000.0
UCeYHoKtMnuwtwPDAR5GOJZw,DAN Sports,2022-11-28T13:50:05.139079Z,15.0,7346.0,108.0
UCeH2ouVi9rAqGp7Drrp_q2Q,ADT SPORTS,2017-06-15T14:14:52Z,565.0,14243848.0,47300.0
UCqZQlzSHbVJrwrn5XvzrzcA,NBC Sports,2012-02-07T14:52:11Z,28484.0,3193685742.0,3690000.0
UCQqi1tif5ms9d99IKreR3-A,SaddleRock Sports Network,2022-07-10T22:51:17.174294Z,338.0,111091.0,1090.0
UCE-tvTfPNBcDqCpGscGRmwg,Quang T√πng Sports,2020-06-08T01:42:44.939607Z,920.0,23413479.0,54500.0
UC2zTXqHLEz56OG0EvS9SiFA,Raiders Report by Chat Sports,2018-02-13T20:42:38Z,3074.0,62702740.0,165000.0
UCGcW1IvvBzwUgOPNQsbUSSQ,Sports Wars,2017-01-02T16:19:10Z,3245.0,88888016.0,165000.0
UC1VU-FHvhbom5tPSCEB-e4g,Amazon Prime Video Sport,2020-02-11T16:35:46.052522Z,1584.0,236976267.0,606000.0
UCYEOwWjtYYc9gPf4dI4KKDA,DP Education Sports,2023-12-19T09:00:53.478624Z,110.0,195545.0,6990.0
UCWt0yfrBaUk148rxaOp4b4w,Êó•„ÉÜ„É¨„Çπ„Éù„Éº„ÉÑ„ÄêÂÖ¨Âºè„Äë,2022-03-14T09:40:10.080636Z,2394.0,84293238.0,127000.0
UCvdA3riZksba3Mji64PaNQw,NTV Sports,2018-10-30T09:23:26Z,13312.0,548241128.0,642000.0
UCfWaYoWWSlY-K2TJU0UW-pQ,J SPORTS ÈáéÁêÉ„ÄêÂÖ¨Âºè„Äë,2023-01-24T01:04:25.111568Z,384.0,15126348.0,39700.0
UCKaPEqS_Mc6eGNNBQN1QgQw,PHNX Sports,2021-09-09T00:08:20.383162Z,8018.0,12789832.0,25500.0
UC-MxP5JHqHDhIYzryBdPkUA,SOMOY SPORTS,2018-05-06T07:04:52Z,18479.0,233111816.0,626000.0
UCew5br5cO1ZKO7Z_F1WA8Bg,ThatsGoodSports,2012-06-01T05:32:41Z,2945.0,215146488.0,577000.0
UC34vLhjOu35pJwcfT92wPMw,Den√≠k Sport,2019-02-15T12:13:07Z,1388.0,16712164.0,26700.0
UCPUgmq6tpFXvE89R7q-tDwQ,Sactown Sports 1140,2018-03-20T17:16:17Z,4400.0,2806307.0,9240.0
UChFriWtnm5Q9gvbVAtfYnhg,SPU Sports,2009-07-30T16:50:56Z,3045.0,610508.0,2120.0
UCQk7fWv15ChjMJLCRVmtApw,World Athletics,2010-03-05T14:12:33Z,6975.0,793229817.0,1540000.0
UC4x0_RNxoNkfM8WtRWPoxWw,Driving Sports TV,2006-03-17T05:00:13Z,850.0,131953339.0,349000.0
UCZ5C1HBPMEcCA1YGQmqj6Iw,USA TODAY Sports,2014-11-06T19:39:38Z,5804.0,24242077.0,58700.0
UCHKtXGbqRIM0hA4Manb9DNg,Ada Derana Sports,2022-02-10T07:07:33.129339Z,225.0,3792796.0,23600.0
UC-QWXZz-U3UT39eEYzvjNYA,Daily Sports With Rahul,2023-10-08T17:35:58.963374Z,639.0,1949513.0,13800.0
UCQW8Xem_w55qrkwnL-jrI3Q,TNL Sports,2017-01-28T23:37:09Z,34.0,310656.0,2320.0
UCjFw-0Vdfy2KW78NClGECXw,Sports Yaari,2021-03-05T13:24:54.900923Z,14441.0,618521700.0,829000.0
UCzrdtk6p4SaakMz2ZmOkCQQ,ABS-CBN Sports,2009-01-19T08:02:59Z,24188.0,569180003.0,1590000.0
UCWFbO7e_LFBgyNJ2W7oMWhw,Sports Cards Live,2020-04-12T07:06:50.533646Z,690.0,747985.0,6410.0
UCwCr9YupfoTfGl9uIrDSX6w,Jim Riley | BALLCAP Sports,2007-01-19T13:32:49Z,1082.0,11360917.0,44600.0
UCpRRJy1szEIiumx1idE4-Mw,Knicks Now by Chat Sports,2021-07-16T14:55:01.648604Z,804.0,9121664.0,35900.0
UCW6cc5L2_35l18ZRfrfyXvg,Menace 2 Sports,2019-03-07T17:46:33Z,973.0,15320661.0,32800.0
UCqos51yz-JaNorbbSDQrlGw,Virginia Tech Athletics,2012-10-17T21:50:58Z,5204.0,11974268.0,19200.0
UCPL5fp6DaVlNPbT2yMIHM8w,A Plus Sports,2020-05-14T07:45:57.243287Z,1059.0,26787045.0,183000.0
UCgmuv-AeJj1EqsXUzDX6lng,Jersey Sports Zone,2014-05-01T17:33:34Z,15000.0,25211805.0,34700.0
UC21x83LT7sNeo-mbYbnqTFQ,Cowboys Report by Chat Sports,2018-06-04T22:16:32Z,2904.0,71214529.0,185000.0
UCt7hOSAxiFmIhRfIeN57gbA,519 Sports Online,2017-10-13T04:40:40Z,7622.0,6072915.0,13600.0
UCKd5sy7Cny19FDl7JaJuKiA,H&R Sports,2023-09-08T06:11:27.154614Z,524.0,3253868.0,26100.0
UCaN9720mbtCGefgjo5Qkr0A,Bears Now by Chat Sports,2020-01-06T22:44:25.022642Z,2138.0,33907572.0,88500.0
UC9RlMpGFSad0luREYDHB5eA,SPORTS  DAGAYA,2022-01-09T06:29:36.262353Z,299.0,125266.0,1650.0
UCddYvBABZ8J47nJxj-69RRw,Athletic Interest,2019-11-20T09:13:27.21269Z,118.0,89078386.0,678000.0
UCwuq2H2MjplZFWEpw8FvLtA,Locked On Sports Today,2022-05-13T01:03:44.195173Z,577.0,801929.0,4330.0
UCKu376M0Ibl-qiv36GeCF9w,Stark Raving Sports,2017-05-30T17:38:29Z,530.0,46373440.0,152000.0
UC87xDZXJ4YbTkz4vs0UiT-w,Sigma Sports,2011-09-05T15:41:52Z,413.0,11786470.0,81000.0
UCbr35MjXKoVErWigIpr_EUg,SPORTS TO LIFE,2023-12-03T01:49:36.883477Z,22.0,39824.0,183.0
UCeGDyX4Uomem1uLJWVQKZhQ,Steelers Talk by Chat Sports,2020-06-01T02:02:13.21108Z,1124.0,10264363.0,47200.0
UCWXRB09-2FkCFoS-J4ULwtQ,Sharpe Sports,2016-03-03T04:00:11Z,1571.0,55367459.0,257000.0
UCNTpMLLMQArRjkC6uMQ5AoA,Sports Show,2012-03-29T00:15:47Z,2456.0,8201172.0,45200.0
UCMFrzlTx_VjoaVMKG8PVXTg,Racing Lanka Sports,2019-08-28T02:00:40Z,82.0,484636.0,8550.0
UCNrdwNja1a3mNstniZzkl_A,Sports BB,2016-02-12T14:41:32Z,181.0,1737987.0,8150.0
UCqr4sONkmFEOPc3rfoVLEvg,Bob Does Sports,2021-09-30T13:12:19.250987Z,285.0,123916282.0,707000.0
UCjr1ycCjY2eRHgnT3-Ez-8A,Refugio Sports Network,2021-09-05T01:07:11.830494Z,598.0,279211.0,2540.0
UCclaMCC7OWXoTDOEsId7SWQ,Motor Sports Network,2017-10-31T07:33:42Z,120.0,221852.0,3830.0
UCAPNK_u9q-H45KDABKDV6EQ,Se√±al Sports,2023-08-28T22:06:11.669543Z,25.0,196631.0,10300.0
UCn2tHcfGe1pk3d4WeqyltNA,BBN SPORTS,2019-05-09T09:10:36Z,3315.0,199529224.0,496000.0
UCQItAB3FNnXBvCPUc7X2epQ,The Sports Breakdown,2021-08-22T06:58:40.220713Z,1390.0,659236.0,2620.0
UCyQslSmW6oTHlM8Xx3EBBIA,Hightop Sports,2021-06-09T00:11:54.359111Z,1683.0,7967432.0,20200.0
UCt1wR1fSFLQPxsNOlJGQBYQ,Haritha Sports,2023-04-26T11:24:19.324588Z,4.0,13863.0,203.0
UCVBEe2FrVmZMGbcPX7mNxJw,Shai Sports,2023-08-16T07:05:38.691601Z,31.0,34719.0,500.0
UCNKrpbtUDZd_CyJ5S1E91DQ,Action Sports Jax,2019-01-10T19:12:56Z,2448.0,1437079.0,4300.0
UCueaozAw_t672bEKO6oDWmg,Bookit Sports,2020-02-23T22:38:05.930619Z,1390.0,544066.0,4030.0
UCXDG9ue-emCN8Ad3h7lERqQ,One Sports,2015-02-09T09:58:42Z,24563.0,1873071275.0,4160000.0
UCqnnmBTkUvX2UXa38sK21-A,Spacequake Sports,2015-10-26T15:44:21Z,1527.0,2225633.0,4550.0
UCHySsgSdKQ3Ssq7lEN4i2-w,Ceylon Sports,2018-11-05T17:35:24Z,1333.0,2888355.0,55000.0
UCJgmcVz4Ljel5ogM893zYmA,Sports Lanka,2023-10-19T18:51:33.020723Z,108.0,68482.0,398.0
UC291FPKQ4NiSjNaGa7GrnAg,Indiana Sports Beat Radio with Jim Coyle ,2018-08-15T15:06:09Z,4387.0,2729764.0,4820.0
UCZMyWT6FtpSn_d5x1xkT_5A,Sports Now,2022-03-22T09:13:41.979964Z,5591.0,38999597.0,97600.0
UCsTniPI4f-TGvZzdowGGDPA,Denver Sports,2010-01-28T21:02:34Z,1445.0,1498060.0,9530.0
UCvmxFT3B0OpdrSSXHsa1_og,Trending Sports ‡Æ§‡ÆÆ‡Æø‡Æ¥‡Øç,2023-01-14T04:50:10.114617Z,628.0,208763.0,1860.0
UC8bbSMvbkTH0yZ5NK9lSksg,York Sports Network,2019-08-28T18:33:49Z,619.0,648907.0,3540.0
UCISdAFyPUnWxaF-vq8s_a7A,Athiradi sports,2023-03-15T15:10:13.452451Z,46.0,17215.0,129.0
UCyXqUEjwzowcvj1ILUAhAng,Run Pure Sports | We Build Winners. DFS & Bets,2020-04-15T04:30:36.959162Z,2837.0,3859259.0,18000.0
UCjjyJ7pD3ElozDaJ9oTUhjA,‡∂±‡∑Ä ‡∑Ä‡∑è‡∑É‡∂±‡∑è - Sports Team,2023-07-15T03:56:53.836028Z,303.0,3557554.0,13800.0
UCShLVk-hUR62uzKMhbFIe8w,UNFAIR SPORTS,2016-11-21T15:45:14Z,1164.0,3171289.0,13800.0
UCkvqm6th6tteUJB73gly1eA,LION SPORTS,2023-08-10T13:21:24.65306Z,54.0,10216.0,1260.0
UCOVjDO3KT5hNNvAc4crimag,Mostly Sports With Mark Titus and Brandon Walker,2023-08-02T20:24:08.469637Z,302.0,4320421.0,41400.0
UC4CWCCF4_yxNFcnO5rvUbjQ,Law Nation Sports,2013-12-27T22:41:44Z,6171.0,76024459.0,125000.0
UC2mt9QBzHmWlWlLkoUmQ_2w,Powcast Sports,2018-10-18T04:17:08Z,8646.0,181602689.0,584000.0
UCowTKWA6PYCOLLYwPNhECOA,Cric Smash Sports,2020-05-09T18:10:37.474774Z,20.0,543911.0,1780.0
UC79mHnook-fz0fXuJ66yY1g,In & Out Sports,2024-01-17T11:40:25.191666Z,6.0,432.0,62.0
UCXm0FsS7PXy0w5HeOkYMi7Q,ARV Loshan Sports ,2008-05-02T12:07:11Z,1712.0,14123729.0,59100.0
UC4GwxEf8uA4wBwqr_mBx_7Q,The Basement Sports Network,2022-07-12T04:30:23.631572Z,305.0,352534.0,2790.0
UCVfeAuAu_EOj0X1dYtZVnUw,CM Sports,2020-06-27T18:53:06.400018Z,477.0,903528.0,7920.0
UCSbOaPtMj0wBFhq-0BcFLXQ,Ten 10 Sports,2022-02-12T13:51:18.138837Z,898.0,3869792.0,27400.0
UC5LBdbRvzEZtVjIaezfZUuA,Natty State Sports,2023-11-15T18:34:12.96142Z,269.0,152540.0,2110.0
UCGykyrEpqbGYFAdNwCN_FXw,LANKA SPORTS,2016-06-01T00:51:47Z,7.0,355554.0,1500.0
UC1ubPKgULqtjFvt0AQZtO9A,Ufit sports Academy,2024-01-01T03:09:36.902614Z,213.0,206891.0,827.0
UCB9Tg1W49aXe5WAjprn7lvQ,Baseball Hockey Sports Crew - Topic,2016-02-26T10:05:32Z,75.0,3819704.0,3070.0
UCgA86SpQPEpmH3vLTZ8MeZQ,BBi Global Sports,2021-06-06T21:20:59.207937Z,158.0,7121.0,43.0
UCdiu_mtaOoqKDIXWDNuQ8iQ,Top Sports Debate,2022-02-27T04:09:10.850999Z,1410.0,2131124.0,21200.0
UCl4MTPltglPNCywt3m7pmKQ,iiN SPORTS LIVE,2023-02-14T12:07:02.409868Z,295.0,212504.0,1600.0
UCudQQW8HYW57HGhLnrJB0Rw,K Sports HD,2021-03-29T15:25:56.362726Z,94.0,1877500.0,20300.0
UCaNgfURBLtV2fZJaJo0yBiA,Elle Sri Lankan Sport,2022-10-12T17:10:11.203169Z,265.0,14542787.0,47800.0
UCUd4nofNcktUxl7MCEMeNxQ,Asenso Sports Channel Official,2023-03-21T08:17:58.787729Z,1057.0,289359.0,1850.0
UCbiOfMPYh8Sr1ZuC0Td304g,DJ Sports live,2024-02-15T05:13:05.155909Z,16.0,17780.0,414.0
UCEl0qh9X3kuL1RdFHng497Q,Sports News,2013-09-09T13:46:40Z,0.0,0.0,1030000.0
UCFdZGNZ38Uw5ykZ7C-4no8A,Reezonn Sports Network,2020-08-02T02:16:56.782713Z,859.0,527372.0,4850.0
UCBekknfS1UIRRkZW-vvR_Vg,BROTHERS SPORTS LIVE,2023-10-23T13:43:19.42172Z,536.0,676989.0,3800.0
UCo1pCHvZS6E-7g7og5p0-VQ,Dad Sports - Topic,2017-05-23T07:06:16Z,11.0,591056.0,2290.0
UC8yqK7LlTAhSICDXlkSpANg,Blue Blood Sports TV,2017-06-25T01:34:39Z,9136.0,204996517.0,254000.0
UCNBEqfNeg2p6PJ6tj1XlJWg,Sports Gaming ,2023-02-12T10:48:16.78006Z,961.0,242963.0,1000.0
UCZP2dMcHf5F-_sK5L07XrNA,Sports Coach - Topic,2016-12-03T01:01:02Z,96.0,184150.0,409.0
UCFfbx88JvKlFrv4qW5VeLIw,Sports with Dila,2021-02-17T05:56:43.09998Z,3.0,231.0,58.0
UC9UW7YOXYCBztzCMwb6YUTg,Dika Sports,2022-10-26T07:13:24.483342Z,916.0,1641760.0,10100.0
UCZ2vpsH5NyHHWMC27GDr6qA,Lifestyle Sports ,2015-04-05T13:32:19Z,81.0,780034.0,8680.0
UCCuZ8Chj6mll-_TbM9H-Z-A,The Sports Manager LK,2021-04-06T04:30:37.240087Z,48.0,41714.0,257.0
UC2Z7efQrVkG8-Xl7EQD6uRA,Traditional Village Sports,2022-01-09T18:21:03.993508Z,18.0,17918.0,582.0
UCNfEIL-qmDhUN9O35gFSsew,Sports 4X4,2022-03-19T17:06:35.100506Z,3698.0,3289430.0,16300.0
UCfwgUexJZgXLkgju0q096ww,Urwagasabo Sports,2023-12-14T09:13:01.668024Z,179.0,1365492.0,30900.0
UCLlIf9JTqtXkwzd-CVBAkWw,RJ Duke Sports,2018-09-13T20:23:33Z,615.0,146971.0,6510.0
UCrGsMh4QRrsu28e0_DyVxKg,Sports Bucket,2023-11-03T10:17:31.362582Z,52.0,4228.0,92.0
UCwJMt6vqqZAZwu-FESs35Cg,Sports Communicator,2023-04-10T17:43:45.593541Z,26.0,1889.0,78.0
UCvXIyoHJs7lOeV6messxQLQ,WORLD SPORT CRICKET,2021-05-16T01:25:02.560032Z,197.0,8160151.0,15600.0
UCW0nVHhYb8cNJ_uuV3s7LaA,Gramin Sports Live,2024-01-14T02:27:17.161429Z,96.0,9161.0,212.0
UCvWKenD65Hm_lwmzLKNBWVg,The Athletic Sports Band - Topic,2015-09-18T19:33:22Z,235.0,24458.0,65.0
UCviIu2ZJx0jEKQiFBIhroCg,ALL SPORTS uniT,2021-05-26T04:29:56.369149Z,39.0,1573181.0,9250.0
UCu-fnHBdTBSiyKmXHiF8_Mg,CHE Sports,2019-05-20T07:23:08Z,9.0,233.0,1.0
UC9LpeIZQHj7FHVlGWokP3vQ,Sports Zoom,2023-11-10T18:51:42.138571Z,1.0,11.0,1.0
UCgv4En6hbkY8Mh7e2IsSvxA,SPORTS VIEW,2021-03-08T14:01:10.395646Z,12.0,79181.0,118.0
UCxL7AvbULuoePp7E2n7tmhA,contortion and sports for life,2023-02-25T07:04:11.260606Z,97.0,171029.0,866.0
UCus3yr05Ba4xPc0421oTM_Q,JANA SPORTS,2020-11-01T13:06:32.878054Z,491.0,2489507.0,10600.0
UC_egY8mv-DPQP4e5QX7B5pA,sports life,2022-03-12T06:33:34.384564Z,44.0,40851.0,90.0
UC16HWjyGx93uUA_bBbL9epw,Sports-i,2023-04-26T09:28:35.126022Z,10.0,12515.0,170.0
UCDbgX9JfPnOdNreCoXZTufw,YOU SPORTS,2017-07-23T19:23:43Z,21.0,17390.0,47100.0
UCvxFwQkqlvLoDE6b6UrYKeA,Sports Vibes TV1,2023-07-03T05:28:20.551708Z,322.0,1685075.0,3260.0
UCNipgui7GNfuwHFxyrMEidA,NAMANA SPORTS,2023-03-11T06:23:37.592249Z,103.0,374903.0,3590.0
UCs_HAgoxWGIcGBHtEj73Drg,Sports Hub,2019-10-17T11:35:41.39971Z,60.0,2960.0,60.0
UCckyHV1WmGf_7Mfpef9GaEQ,Wickramagalle Sports Academy,2013-09-08T05:44:16Z,13.0,4444.0,63.0
UCqLZgX2d5FtjshCOrgitNxA,Sports World,2020-11-22T16:57:46.008163Z,72.0,69843.0,180.0
UCcKIME7UwzieFbPKXwu-jAA,Team of Sports Science TOSS,2020-01-28T06:51:41.460499Z,12.0,9181.0,1000.0
UCaDvlfVCK35lMeg9MlafXJw,S sports,2020-01-06T09:35:49.940907Z,27.0,625616.0,2420.0
UClUZhTRN10-LiMPEYB_V3tw,Sports Car With Saranga,2023-01-01T15:20:48.59565Z,12.0,9975.0,561.0
UCIelCYlHVKyz1DE0X5eHhyg,STYP Sports,2023-12-06T18:48:45.238709Z,1.0,3.0,3.0
UCkrVFDndNbouoynUEY6Rebw,Yankee Sports Zone,2023-12-23T11:40:42.146097Z,5.0,34.0,0.0
UCDQ5t6TSIpBrNftQr-St-iA,PA Sports - Topic,2013-12-21T03:49:42Z,524.0,27933573.0,18800.0
UCKqyIJiEnP9SvZGFpeJcjFw,Sports,2024-03-09T16:09:17.101275Z,0.0,0.0,0.0
UCAGz6D96AwjS8S7s1SSFtTg,Panini Sports Academy (Fu√üball) - Topic,2020-07-08T12:34:19.552667Z,178.0,48814.0,97.0
UCKmYdmWel_Wkei2ug3_dSCw,Lead Sports,2019-02-15T05:37:45Z,222.0,669637.0,2890.0
UCVh9Nnw6oKSli49Xtn7i1DA,RK Sports Kingdom,2023-06-02T15:29:36.94491Z,88.0,83012.0,347.0
UC-p79DmynjKdjR6qwhctQGQ,SEPN Sports,2023-11-23T06:38:33.869235Z,37.0,4351.0,915.0
UC_bC5yNPQmemZrOjeTRkiyg,IL SPORTS,2022-09-19T17:31:02.10175Z,43.0,41860.0,339.0
UC-TPAJpit-cnGUG-zWliKFw,Sri Lanka Sports,2012-01-17T12:10:44Z,281.0,2691171.0,7770.0
UCdwdjErTru1n6uOAeYyzeQQ,sports. - Topic,2017-04-25T07:38:07Z,32.0,308188.0,672.0
UCSqiD4XuBNE1p_sbepo73iQ,Sports - Topic,2018-10-23T22:32:28Z,63.0,5610676.0,3840.0
UCT6thTGs1bjIMRNPjtvdI5Q,Soft Sports - Topic,2021-06-23T20:07:00.698675Z,0.0,0.0,0.0
UCWAwckitM1fQWJed3aRkjXQ,HD Sports,2022-09-04T06:39:19.182608Z,8.0,273.0,4.0
UC0Jev8qN_XD77lkBCGBFxcA,SLK CRICKET SPORTS,2021-02-16T08:57:10.282593Z,395.0,43981.0,2120.0
UC4T9ziTep7x2f70l-QsWvgA,SL Games & Sports,2023-10-25T13:33:59.765658Z,43.0,22266.0,33.0
UCIz2iGlA6DijoyNjd8iMiMg,Dan Sports - Topic,2021-04-27T15:47:26.65146Z,1.0,291.0,0.0
UCGs3L0adEb2z4d9bSNrT0OQ,Sports home,2023-02-15T13:22:01.443674Z,51.0,97172.0,266.0
UCxc6sm5s4xWxyIKRiK_XyKA,Remember Sports - Topic,2016-08-07T05:30:12Z,89.0,745139.0,294.0
UCB-bKDercecJ4hatw_lL0oA,brother sports - Topic,2023-03-08T12:55:16.7592Z,8.0,1368.0,0.0
UCCpHupo2XdMo6tGOtLK5gQQ,Sports Saga,2021-10-12T13:36:18.081147Z,18.0,1039.0,18.0
UCdVrL-bkdRcJWBozRGyqgFw,MD SPORTS,2022-08-18T01:01:52.171226Z,48.0,368923.0,1400.0
UCwTWQFvf76Dq86OnUmi5IiA,SL TECH LALLNS SPORTS,2021-03-25T07:20:30.17669Z,25.0,32025.0,509.0
UC2ew4x3DhmtTYytgafKL6WQ,Forever Sports ,2024-02-19T08:45:29.467707Z,11.0,2593.0,17.0
UC1KaIi9_JnOIEjOUeriOU_w,World of Sports - Topic,2022-12-28T09:54:13.066676Z,0.0,0.0,0.0
UCHlF7RTmLByzq3At8x9fLtw,Sports with Kaveesha ,2023-11-30T14:37:24.600836Z,6.0,2591.0,34.0
UCQMJ8pK761B6XahtczUJXMw,AR Sports,2023-03-24T09:04:55.131337Z,2.0,10.0,5.0
UCMI53vYhAl8OSRLnjlDnD_Q,Sports X,2023-09-17T07:26:11.822718Z,97.0,19167.0,122.0
UCK_dFxksx6s_ThR9C_LScXg,sports ,2023-09-23T08:42:38.295118Z,1.0,2.0,0.0
UCbn6k5vG8bNX133lcfDPGXQ,World Championship Sports - Topic,2022-08-18T23:27:38.059744Z,0.0,0.0,1.0
UCrc__nychPneqZz1ymSIPLg,Entertainment & Sports & World & Animals ,2022-06-22T14:41:13.371198Z,78.0,41372.0,153.0
UCuoaY0OMNfv-PhjZeBZalEQ,vhs sports - Topic,2022-02-08T02:41:30.932982Z,8.0,26347.0,197.0
UCD1DEZD0eMnSWQXwvTSNfwg,Gaja Sports,2023-09-26T05:56:36.457323Z,8.0,1040.0,33.0
UCPEEHjeDtyKjozqHwxbvnXQ,SPORTS STUDIO+,2024-01-21T11:27:04.262164Z,14.0,151.0,3.0
UC7eOBnDMZWiKDetXqrm6iCA,UD Sports,2023-02-23T21:20:35.400504Z,11.0,760.0,40.0
UCC43OMLxEKrSEFzYvdlxYYw,Sports Ground,2021-11-04T15:36:48.63629Z,269.0,331679.0,1280.0
"UCbYWrJOc0N4ZhOvZ8aQgMig,""Sports Ringtones, World Cup Soccer, Football & More Comedy Messages - Topic"",2018-08-17T13:08:50Z,99,36978,20",,,,,
UCORWMUSlZaesEyk2E7BYe3g,Sports Paradise VR - Topic,2021-02-06T16:37:39.235683Z,0.0,0.0,1.0
UCv6zqb9c9xFNWAurKeW8aYg,Good Sport - Topic,2023-06-02T18:58:05.002777Z,3.0,1259.0,25.0
UCvrTgoVsMXhqsxgx877kaWA,SONYHDHL-Sports,2024-01-29T08:29:34.962194Z,22.0,4665.0,24.0
UCV9rbu7ViGhVEUOxZdlCdog,DON SPORTS GAMING ONLIVE,2023-11-03T06:53:19.540486Z,12.0,376.0,3.0
UCSxfzWQiycMii2vNa1eVQ-w,Sports Quiz ,2023-08-24T15:41:18.889124Z,5.0,32.0,2.0
UCa9XAgg9JVRH7XZFCthqDig,SPORTS SHORTS,2022-11-30T08:08:14.748611Z,9.0,2661.0,2.0
UCDqfoIgakGLilWZ8qLNo1Sg,PariM Sports,2024-03-05T15:39:31.442705Z,0.0,0.0,0.0
UCkRadb8PeIJumfPPCYizk8Q,Sports - Topic,2023-12-01T15:27:47.114965Z,8.0,50.0,0.0
UC-Yafjvy3SACNZ_76oz567g,Sofascore - Sports live scores,2024-03-04T11:45:45.692139Z,0.0,0.0,0.0
UC3t4c0PnTura1mW1-MMsUvQ,Sofascore - Sports live scores,2024-03-10T11:56:13.780565Z,0.0,0.0,0.0
UCNEHHnRutFqdgbSIK6tYAHg,Sofascore - Sports live scores,2024-03-10T11:56:12.424695Z,0.0,0.0,0.0
UCYRQNUbgp1z-W6Hwd85O-KA,Sofascore - Sports live scores,2024-03-01T10:01:57.437957Z,0.0,0.0,0.0
UCK-VPPjW8R9mFN_DIYhq4gg,Tten sports,2021-09-03T09:51:56.106521Z,22.0,3076.0,212.0
UC0k_5mlSyQoGsf6p-qwvn4w,Sports Scope 360,2023-10-11T16:33:10.25408Z,2.0,2432.0,4.0
UCCGVxpXJK9yeMXPn0vxjUag,Slow Sports - Topic,2022-07-14T11:23:13.303571Z,4.0,16.0,0.0
UCMfc_enc6UH8DVoba3YUbUA,TOP SPORTS LK ,2022-10-16T00:51:22.321949Z,155.0,17698498.0,37900.0
UCI8oZKxwzxFUk4GktfSR44A,Sports & Music - Topic,2022-01-12T12:38:27.58826Z,10.0,2136.0,5.0
UCLcrF1PCU7B1aIvQFJrGAXw,Go Sports ,2023-10-04T11:57:25.746307Z,19.0,23511.0,64.0
UCW9AewojAReZAwOQwbfNGyg,El Negro Sports Tv - Topic,2023-01-03T14:01:13.152259Z,14.0,7013.0,17.0
UCUKxfExH8KA6dDyLx8utmvg,Sports for Kin - Topic,2016-05-11T10:42:54Z,11.0,318.0,3.0
UCzg9GD3utZa4TCmwJUCVapw,The Sports - Topic,2013-07-13T15:07:43Z,217.0,253431.0,306.0
UCG-S34e8sPjgvBwB5VZrDyA,The Big Picture: Sports in Society Podcast - Topic,2020-07-15T18:51:55.483872Z,4.0,265.0,2.0
UCXr6vfh81W2LUQXjtOyvBGw,We The Sports - Topic,2018-02-07T19:46:48Z,1.0,16.0,0.0
UCewidW3hD_k_6FTg39w1VBA,Sports Hits,2024-03-07T11:42:44.23549Z,10.0,378.0,1.0
UCxZ0HSTQH2rZPItemzGMQjA,Sports - Topic,2016-11-29T07:35:46Z,8.0,537.0,200.0
UCTM8VO9osQ6Vv2q33G_kDKQ,Sports Via YT,2022-06-04T02:53:00.115719Z,7.0,3440.0,26.0
UCufq3rtXkXdRMQo9-JO3ajQ,Sports Shorts X,2023-12-31T21:10:16.848888Z,26.0,213831.0,654.0
UC8OIrgsUZUrbzvXPA_v0oow,V SPORTS,2019-06-14T13:43:18Z,22.0,8127.0,393.0
UCYDB_VDUSiT4qEcrKIYvuyA,Sports.lk(‡∑É‡∑ä‡∂¥‡∑ù‡∂ß‡∑ä‡∑É‡∑ä),2024-02-12T12:53:25.448844Z,8.0,46.0,7.0
UCrGQmSRvn5Z0VDoSEL7G2bA,Sports & Leisure - Topic,2015-09-18T10:01:50Z,0.0,0.0,0.0
UC-GbfsrfPKPwR1n8lLtAGWQ,Sports Editz,2020-11-13T06:14:20.132102Z,2.0,682.0,6.0
UCyWMPowSSIdX3SXlbnhRw_Q,KLUTCH Sports ,2014-05-02T15:45:57Z,25.0,115144.0,208.0
UCwH7FcF0Ws6YLIQn3S9XNgw,Sports Dreams - Topic,2019-09-05T11:19:26Z,13.0,7238.0,9.0
UCPdzRv7xpHr7vz2OBe95Nnw,ria sports,2023-05-27T01:38:35.624858Z,4.0,880.0,13.0
UCLh7qiVD3u4SJEs2DiOwHwQ,Soft Sports - Topic,2018-12-06T10:16:46Z,12.0,165.0,4.0
UCHTvJfC0wJh6_t24IWL5FPw,Sports? Sports. - Topic,2015-09-18T11:18:50Z,6.0,534.0,6.0
UCBSa3Q5WbuWdCiwm6KraVWQ,Altitude Sports,2023-04-23T08:29:06.409386Z,0.0,0.0,0.0
UCLrTEbaMg6RwhgWSvvsPjeQ,Sports 1st,2024-01-17T20:04:56.397737Z,3.0,138.0,5.0
UCsjoF4hmtru016aaTOERy5A,NTR SPORTS ,2024-02-21T07:39:19.072582Z,8.0,18286.0,73.0
UCoCQ_CkNsnAZKqZQ0B2gZAA,Rabbaniyyah Sports Club,2022-07-12T14:46:07.105686Z,27.0,4473.0,113.0
UCwTRNnncCkGAn9f4lGEFqFQ,Celebrity Sports Showdown - Topic,2019-02-13T10:56:35Z,0.0,0.0,9.0
UChSkbSs-iY6QQWbVld65v_g,sports editz,2023-08-03T12:04:17.204818Z,7.0,296.0,6.0
UC5oWeTon4Zkfrfo7zihCykQ,SPORTS - Topic,2022-05-07T11:18:11.374324Z,23.0,1726.0,8.0
UCKZURyJcJxkU2BqkjfNp47w,Alpaca Sports - Topic,2013-11-29T09:40:56Z,49.0,24217.0,148.0
UCVaXK5zS2T2reCZDYw8p2Fw,Sports Tamil,2017-06-26T09:46:16Z,2.0,57.0,1.0
UCuhKI52CMdHMkxsQC7rgO7Q,Sports - Topic,2017-11-01T13:28:03Z,36.0,7000.0,45.0
UCclVmMmqt60GlnlqAiJiFrg,sports.lk07,2021-04-02T23:33:12.531093Z,43.0,21700.0,62.0
UCnqwIS1MxsRpwWsn66KKGVQ,RAGEL MOTO SPORTS,2016-07-05T11:20:58Z,11.0,805.0,37.0
UC3X6p_XuvCRV5Gev2Uckx2g,sports-D site,2023-10-25T06:00:12.28302Z,3.0,318.0,10.0
UCbmKjynLDl0y27fnulTDwpg,Games & Sports,2023-11-01T13:38:59.042626Z,1.0,3.0,0.0
UCZT0YIoJv03z68OZQM5zl6g,Sri Sports House,2018-11-18T16:51:48Z,9.0,64174.0,337.0
UCRhpJnVnf_TvvnGQhnxcGmA,Funny Tv Sports ,2023-10-26T14:38:26.710949Z,2.0,1.0,0.0
UC_H44rEFo7dKo0AGhdm6iLQ,Sports Plus,2021-10-05T18:07:58.456407Z,4.0,199.0,499.0
UChBpOk1raDEQbCVbddulRyg,Olympics: Live Sports & News,2024-03-08T12:57:04.500116Z,0.0,0.0,0.0
UCyp54gkAdHNB28wUYgThqzg,Sports Hub,2023-11-08T16:42:35.823483Z,15.0,25.0,1.0
UCRdo4oOnBwnWfgV1UuosFwg,Estadat Sports - Topic,2022-03-25T13:18:18.540417Z,1.0,315.0,0.0
UCPeUx1AEnreJrKWKHu3enrA,YT Sports,2023-12-07T11:19:07.198804Z,5.0,36.0,4.0
UCaTlyKoEC4mQpWQPmXZjFqQ,KNT Ekamuthu Sports Club,2014-03-11T02:43:54Z,18.0,59324.0,311.0
UC7YpHL_KtKv5E-8FwP4Ci1A,Bad At Sports - Topic,2023-01-15T07:02:00.915255Z,2.0,48.0,0.0
UCnOB2vmmZcRGlDL5hMd3jbQ,Sports Analyst,2023-02-28T14:36:32.342229Z,207.0,193218.0,834.0
UCADd09cuzrvQhKB4giQj6FQ,Street Sports Baseball - Topic,2020-11-27T16:41:11.013189Z,0.0,0.0,0.0
UCWtdpa3Jj5tF69I9hj2Mg4g,Vamos Sports,2021-01-26T08:10:36.689927Z,5.0,1107.0,14.0
UCzHGnMmEKr94wN6WndPCv8w,ü•ÄSports Timeü•Ä,2021-06-25T11:50:40.947022Z,5.0,1251.0,4.0
UCvB94jTTensQ9NZL6089hWQ,Athletics - Topic,2022-06-23T20:37:17.033859Z,25.0,191721.0,318.0
UCvVqijhJjIeoms6Z0F5R1Og,JA Sports channel,2023-12-04T05:00:51.214552Z,2.0,17.0,2.0
UCiy8VQbKr6-eB5RasBzMIYg,Betway Live Sports Betting App,2024-03-04T16:23:57.723628Z,0.0,0.0,0.0
UCoNLXHXdUi5mzVvr7zg8N6w,Sports 1st,2022-09-23T06:21:48.509889Z,1.0,17.0,1.0
UCkFuSP8AUYMdRCmZCA16J8w,The Sports Geek,2020-04-08T04:34:08.815456Z,15.0,11508.0,1140.0
UCK1pGk9SqPM5dakrhHtkpbg,Sports Bro,2022-08-18T08:20:15.237767Z,3.0,40.0,3.0
UCMrTr94lYWrUzUjU2jA1rCw,Sports with - ‡∑É‡∂≥‡∑è ,2023-10-24T04:15:32.349142Z,30.0,543.0,27.0
UCKJbJkODewUvIMmm21MAdTw,Sports Story - Topic,2023-01-13T17:20:29.983106Z,0.0,0.0,0.0
UCc6JsP2bQ8Lw2juXuND7SwA,Sports Nis,2021-01-15T04:26:17.920019Z,144.0,77939.0,834.0
UC-EH09abWrh2DJgE3zKBWRw,Sports Day - Topic,2018-10-27T10:00:04Z,4.0,125141.0,232.0
UC_ABHUg321fPhFXSP4Ztvwg,sk sports edit#üòé,2023-11-25T07:48:31.41408Z,6.0,89.0,5.0
UCE9KcJy4BNLpCUL-HiYH2kg,PERADENIYA SPORTS CLUB,2024-03-01T00:12:26.307314Z,3.0,5.0,2.0
UCmjH52CYSJilBJKJVFgNX4A,World Sports Highlights,2022-09-28T18:09:20.755377Z,2.0,7.0,2.0
UCyLEvSGL2Lww-O7EH3wet4Q,US Sports YT,2022-10-03T18:16:46.777943Z,3.0,5.0,17.0
UCXhflwrmrIF2Hydmk_I-Btw,Sports Collective - Topic,2016-04-16T06:49:57Z,44.0,16278.0,23.0
UCrfuRupmgO-Y7ZcYhJUwZJQ,Sport Power - Topic,2024-01-10T07:31:08.57558Z,8.0,189.0,0.0
UCW195EVS2GrfozrqVkPKJ0w,SL Sports Cafe,2022-05-21T18:27:11.724583Z,119.0,64542.0,679.0
UCSrL2z_n77bb4btFipY9Lyg,Health & Sports,2010-03-05T09:55:11Z,10.0,507.0,10.0
UCsDMvEEK_a9gY7-du-H1zWQ,YR Music üé∂ and sports ‚öΩtv,2017-03-06T11:59:52Z,19.0,2846.0,13.0
UCQa3AYMIHkc8eWR1WXwPfcw,Cricket & Sports,2020-10-11T06:27:53.909716Z,7.0,242.0,86.0
"UCF2CXMu789Fja5oG-6kws9w,""sports car, jeep, bike"",2016-12-25T12:55:00Z,186,348588,1380",,,,,
UCWUpCSA6araexiuJZdLwgHQ,Pure Sport - Topic,2023-04-04T13:14:38.07841Z,12.0,5253.0,29.0
UCMom80XxkY1pDLhTGbwHKgw,Sports Tamil,2023-03-29T13:51:37.714781Z,5.0,2942.0,4.0
UCZ3BayMWI4Mu68Asy9ruIPQ,GGA SPORTS,2023-05-30T08:45:42.997827Z,75.0,81046.0,582.0
UC2jXRDfFBSxoMKzqhYMciqg,wow Sports photography,2023-11-24T17:35:58.641196Z,68.0,11820.0,137.0
UCwE0-zhyDYsuQ-xCOu-sX9g,sports denki department - Topic,2023-11-17T10:52:11.117954Z,6.0,234.0,3.0
UCtjsIVNlASgHL3ctbANSdpg,AB Sports HD,2021-02-07T12:15:39.512713Z,18.0,30683.0,93.0
UCSoN3Bu-74Inb3PllJeRG0w,üíÄ  ‚Ä¢SPORTS‚Ä¢ ‚öΩÔ∏è,2023-06-06T11:56:03.080041Z,5.0,48.0,7.0
UCae9T4yV0Grq7jrq4jZpPdw,Sports Here,2021-12-11T07:36:42.920285Z,12.0,1965.0,11.0
UC1XfSYTp5dncJNxhasvofnQ,wold sports,2023-09-04T16:19:27.531931Z,4.0,2598.0,11.0
UCgoMLQTIkuYcteLV1j-qq7g,Royal Sports Club,2023-06-05T05:04:31.149086Z,93.0,65392.0,176.0
UCZQlpNHAo7MdwPwz-aopkSQ,CR Sports 46,2023-03-03T17:44:43.302818Z,42.0,45279.0,125.0
UC8zpk7Sg4V4X_Szzch46u-Q,Sports safety nets,2024-03-04T05:08:57.869265Z,0.0,0.0,0.0
UCuo4aBXeJk6vq7r3PDEHN9w,O.M.V Sports,2023-02-06T13:06:04.189228Z,41.0,1817.0,58.0
UCHwgp60ias4UbCO9scy65IQ,sports edition ,2023-05-13T09:53:05.690788Z,26.0,21082.0,103.0
UCpnnCB0bicZ6W7EB-PlEfUQ,HD sports ,2023-07-16T15:14:38.074201Z,1.0,1.0,0.0
UCls8OQwRkVcwNth0YC6qVEg,Tik sports,2024-01-01T12:16:24.501035Z,6.0,24.0,1.0
UCAeGBQ4b-nl-iVIAYseR20A,Sports Bra - Topic,2013-12-20T20:10:36Z,23.0,5729.0,53.0
UCn9WJL6qqDpBLCRf-rSN2zA,Sports Stars Sports Club (SSSC),2022-06-03T01:44:56.399059Z,8.0,844.0,21.0
UCuwCqmU0XqxmZd5q7K8EZxA,talkSPORT BET: Sports & Casino,2024-02-27T11:08:31.858828Z,0.0,0.0,0.0
UCaxqXR_fUZgjZw7nOvi6vsQ,Le Sport - Topic,2013-09-13T18:12:22Z,33.0,15242.0,47.0
UCuQSsLdwhth1l9t0phPfBdw,sports dayya,2021-08-30T09:49:11.502146Z,3.0,68.0,2.0
UCkyVTUInqdXyIy6RdI_b8dg,Sports Tv,2018-02-16T13:34:07Z,24.0,4829.0,32.0
UC39-lEOBUuyNL_ZaC9cEt6w,Sports Illustrated for Kids: Football - Topic,2024-01-19T08:56:14.46413Z,0.0,0.0,1.0
UCwMiGwOHoOuOE1I3BsGQQIA,HM Sports,2023-02-04T05:08:44.802122Z,10.0,1516.0,21.0
UCRvvZjreeqgkPUBjxhKKyhQ,ALL SPORTS ,2022-09-10T19:15:30.803187Z,3.0,11.0,0.0
UCUs0EBkb15AtO8VzmTLM7Mw,MD SPORTSüèè,2022-05-29T02:51:28.117306Z,11.0,101738.0,503.0
UCw1v-vhQfDE1SYtBoKC-b5A,sports@#short,2020-05-24T17:10:59.649924Z,10.0,406.0,0.0
UC2leuBOptDAmy9M-JT8UTLw,SN SPORTS,2020-12-16T11:07:54.528638Z,60.0,14275.0,151.0
UCmzC74_w4kN41zOC_b8gUKQ,PR SPORTS,2020-11-04T09:55:09.512042Z,858.0,758633.0,807.0
UC6L1BT0YajxsMCXaLUfHM_Q,Blink Of Sports,2016-03-18T11:39:55Z,4.0,683.0,21.0
UCzw0pAq6gt1JeVYbVXALohA,G&N Sports 1st,2023-09-02T08:39:29.25574Z,1.0,1.0,0.0
UCOuEmEB8qlds-kNieo6XrYA,Xeagle Sports,2021-10-27T17:02:38.776423Z,58.0,68570.0,99.0
UCzs_KcSi5ScOK0YYKFWq1bA,Multi Sports - Topic,2020-02-10T19:28:23.610531Z,0.0,0.0,0.0
UCUVCv62rJs_tHVtl3HSDnLQ,Sports,2022-12-22T15:38:10.597905Z,2.0,1235.0,6.0
UCyY0DYcFK68HJ55H5X_-RgA,Wheelchair Sports Camp - Topic,2017-01-09T07:23:29Z,12.0,13702.0,261.0
UCKH4UVPMU1JjRNW53d4kmrg,KGK Sports,2024-02-06T16:05:16.73667Z,3.0,62.0,0.0
UCLL2FsmtNlB7C5ytNdMy5hw,Stereo Sport - Topic,2018-10-24T07:04:27Z,11.0,340.0,1.0
UCVMRan_9RmUaF_pUlQ8IMVg,Sports Illustrated: Championship Football & Baseball - Topic,2019-03-24T09:17:38Z,0.0,0.0,0.0
UCaoey1Wug-XGWOUuoLgYL6Q,World Sports Competition - Topic,2017-04-12T08:56:16Z,0.0,0.0,0.0
UCCO_1lL-olWZR7nYNYVG0dw,SPORTS UPDATES,2023-03-27T10:28:07.244841Z,2.0,192.0,1.0
UCSsG-kXr0r4dbOwZv-beXIw,Sports pastime,2021-08-24T05:19:58.089595Z,5.0,2565.0,11.0
UCDGY16hQNe923FlBLefwvsA,Sports Film Fest - Topic,2023-08-04T06:27:59.837115Z,1.0,2.0,0.0
UCLv13oXv8wYRqrZIgSKt9AA,Poor Sports. - Topic,2023-03-09T12:33:24.100964Z,1.0,85.0,0.0
UCnewHZtPdhBqSbqTPwmedKg,Looney Tunes Galactic Sports - Topic,2023-03-07T17:15:11.9654Z,0.0,0.0,5.0
UCb4N_CWbiqnVm0_CBQCCeVw,Odania Sports Arena - Topic,2022-11-06T09:22:36.782427Z,0.0,0.0,0.0
UCKqJZfWCovMt1Qc2hCreNhw,NIC Sports,2020-04-18T17:29:56.279837Z,2.0,146.0,6.0
UCLrj6hDfxolF9tSm_Nki4Hg,Drive Ahead! Sports - Topic,2017-08-16T08:12:46Z,0.0,0.0,39.0
UCW2txhXAcoXkNoO1ED8-Npw,CHAYO Sports,2023-10-16T11:11:53.98387Z,1.0,3.0,2.0
UCMIyGMIV6lCB-QoQ25dt9Qw,Old Sport - Topic,2023-04-11T12:29:11.631301Z,6.0,39553.0,26.0
UCa1jKx6_AV5JyUpgto9cUYg,fire sports,2021-03-29T16:47:45.459699Z,4.0,488.0,23.0
UCpPoEDlWkeczqv_DcWD2UGA,SPORT CLUB,2023-07-30T04:19:24.342467Z,8.0,347.0,204.0
UCAxJnEuaE_G6e3QYPRDntCQ,Backyard Sports: Sandlot Sluggers - Topic,2020-05-24T16:48:48.377595Z,0.0,0.0,21.0
UCfTwQ6WZvMv5oJDsUUh5ysQ,Sports Reference - Topic,2022-11-02T23:43:03.347533Z,9.0,410.0,3.0
UCO5bjQc-9XbmT4qcbB-_1UA,MRH Sports ,2022-12-23T16:02:20.792503Z,4.0,47.0,8.0
UCAHu2tVZKrnMuHPqG1Fm1Ig,FastTrack Sports,2023-07-17T17:27:42.436998Z,4.0,232.0,9.0
UCuklwGj10WvxGWaZX6v_BLQ,sports j,2023-06-13T01:00:45.855811Z,18.0,1075.0,25.0
UC0DjgRmcB9oCN3OdveJMDAw,Kibi Sports - Topic,2023-10-26T16:18:01.52984Z,2.0,85.0,0.0
UCTYCZVtFhWt48pnLKkrIBmA,I.K. Dairo & His Blues Sport Band - Topic,2021-03-26T11:42:46.95467Z,3.0,36637.0,299.0
UCAZxqb2NtYjwhz_W5iXrQaA,Cordula Sport - Topic,2023-06-16T05:38:14.900971Z,2.0,1361.0,4.0
UCrPU0lQQzEMuh3_O5vhKdBQ,unit sports,2023-08-30T18:31:00.992744Z,8.0,95.0,17.0
UCOYxZuF0GVpx4GhmefZSdDw,BetVictor Sports Bets & Casino,2024-02-27T11:04:42.268068Z,0.0,0.0,0.0
UC1LPSq_9oRx0G4cSdhL4CPg,Julinho Sporting FC - Topic,2023-12-15T01:16:57.973922Z,16.0,411.0,2.0
UCybMzChucZFM45nwwK64S-Q,Sports Club ,2023-12-16T16:41:10.970455Z,10.0,416.0,2.0
UCI7p_bjGW251aNbxKVIZefw,Cee Sport Big Ceeza - Topic,2023-09-24T16:39:42.682347Z,4.0,8.0,0.0
UC49NJ81CnAeWBhEAHYQXofg,Nintendo Wii Cyberbike Cycling Sports - Topic,2024-02-08T09:33:56.050538Z,0.0,0.0,0.0
UCkF2kBarmMWWR7MvppwhYtg,World Sports Shorts,2023-05-19T15:24:18.246039Z,3.0,3266.0,17.0
UCD30Pk_jkQ2a8NyBcGX2lEw,JM SPORTS,2023-04-26T08:32:25.842035Z,5.0,96.0,23.0
UCnQURUjgJJWXMvrQQA5HGdg,Sports Runner,2023-07-04T04:16:24.070962Z,2.0,30.0,1.0
UCWqH71qaEd2qKYMNN7MahrA,Switch Sports - Topic,2022-03-16T00:45:32.742573Z,0.0,0.0,45.0
UCtEWJX8qe52_9MZLSV8u_yQ,Sports Boyfriend - Topic,2023-03-10T01:38:10.285874Z,3.0,336.0,1.0
UCw8B3HF1z9oBDgY285tMLxg,Watha Sports,2023-08-09T18:25:02.078072Z,10.0,149.0,11.0
UC7LvWYdwTMys95Zrpid4rOA,MUSIC FOR SPORTS AND GYM - Topic,2023-04-25T20:32:58.569906Z,0.0,0.0,2.0
UCSXu3rXonslBKRvUm0OxXVQ,Sports First,2020-08-22T19:24:37.308054Z,4.0,272.0,41.0
UC1hUiPN946eILgwZ19CjnbQ,R Sports network,2023-02-21T17:55:27.282451Z,75.0,8793.0,30.0
UCE8-f_QcKVjwN4X_jP5kbSA,SPORTS 359',2020-06-16T00:06:37.577604Z,7.0,242741.0,588.0
UC65_wS-gv5lFHMjjg8PB7Jw,Sports Feats,2023-08-15T18:29:51.678416Z,38.0,15831.0,75.0
UCSFDMU5jiMDTNMmlqltrSpA,SPORTS GAMING,2022-10-24T04:01:29.132981Z,35.0,2240.0,7.0
UCrR06AuusAx_wRmK4tNVuKA,Sports Pavilion,2023-09-01T19:36:35.525416Z,1.0,111.0,2.0
UCUMmj5OqOtHKcLaCC9W0wfQ,SHAKTHI SPORTS CLUB,2024-03-03T15:04:54.319534Z,1.0,74.0,7.0
UCqhHVPzd6H0ex5ah43TG6ZA,Sports club ,2024-01-10T08:10:13.79796Z,3.0,26.0,4.0
UC1ZbLig77xKYDB2cMhDddrg,Sports Plazz,2023-07-08T11:38:50.306877Z,1.0,8.0,1.0
UCuw7yEPkoDxgkHVqafq-o8A,Sports 365 Live Chanel,2018-04-17T19:59:43Z,28.0,360400.0,608.0
UCurcOeWONJE1v7cKGpniwtg,A Sports Network,2023-10-06T07:10:36.756122Z,47.0,3049.0,187.0
UCsCyYxxzG1oOFEaH2HoKz-g,Sports x,2023-08-04T04:37:45.22868Z,69.0,47514.0,88.0
UCC0PwgMUKE3eNfq4zGXiNEw,TC sports club,2023-06-28T16:47:15.289946Z,5.0,22.0,7.0
UCNv4Oc_Zv6UhzqI0tU8XX1Q,Sports Network,2023-09-16T05:30:00.440173Z,3.0,49.0,4.0
